SRR11492013_1.fastq.gz	12000668500	https://ftp.sra.ebi.ac.uk/vol1/fastq/SRR114/013/SRR11492013/SRR11492013_1.fastq.gz	8f6283b4744421c4f61c5a8078ef89c4
SRR11492013_2.fastq.gz	12365412421	https://ftp.sra.ebi.ac.uk/vol1/fastq/SRR114/013/SRR11492013/SRR11492013_2.fastq.gz	35e76874af4c110132209ffb0f84b85c
SRR11492014_1.fastq.gz	12061140012	https://ftp.sra.ebi.ac.uk/vol1/fastq/SRR114/014/SRR11492014/SRR11492014_1.fastq.gz	4026e1c2672c3ab441a0037c635439f4
SRR11492014_2.fastq.gz	12498847843	https://ftp.sra.ebi.ac.uk/vol1/fastq/SRR114/014/SRR11492014/SRR11492014_2.fastq.gz	cf762bb13e27f00a7d7f8a7ddafcbf90
SRR11492015_1.fastq.gz	11902068943	https://ftp.sra.ebi.ac.uk/vol1/fastq/SRR114/015/SRR11492015/SRR11492015_1.fastq.gz	5198e931f8612526eb98d74ab1a1329e
SRR11492015_2.fastq.gz	12293898732	https://ftp.sra.ebi.ac.uk/vol1/fastq/SRR114/015/SRR11492015/SRR11492015_2.fastq.gz	a4f242ba64b1b359810ab9b82946d5e5
SRR11492016_1.fastq.gz	11871855435	https://ftp.sra.ebi.ac.uk/vol1/fastq/SRR114/016/SRR11492016/SRR11492016_1.fastq.gz	c2002d76d4348bcc11dce2e2f093fa6c
SRR11492016_2.fastq.gz	12237548133	https://ftp.sra.ebi.ac.uk/vol1/fastq/SRR114/016/SRR11492016/SRR11492016_2.fastq.gz	d0d61e1e18d85f6094d273c3d19d15fb
SRR11492017_1.fastq.gz	10754351932	https://ftp.sra.ebi.ac.uk/vol1/fastq/SRR114/017/SRR11492017/SRR11492017_1.fastq.gz	32c8e57d025505a79db5b03cf68b913a
SRR11492017_2.fastq.gz	11013596741	https://ftp.sra.ebi.ac.uk/vol1/fastq/SRR114/017/SRR11492017/SRR11492017_2.fastq.gz	60072904843af593a855cd3d2d10a451
SRR11492018_1.fastq.gz	10828446006	https://ftp.sra.ebi.ac.uk/vol1/fastq/SRR114/018/SRR11492018/SRR11492018_1.fastq.gz	8170a8a56ff5e08b2fb16cf528e53fc0
SRR11492018_2.fastq.gz	11159891004	https://ftp.sra.ebi.ac.uk/vol1/fastq/SRR114/018/SRR11492018/SRR11492018_2.fastq.gz	5674da3b6a3022ba93a0db0f68ffd5e3
SRR11492019_1.fastq.gz	10662959000	https://ftp.sra.ebi.ac.uk/vol1/fastq/SRR114/019/SRR11492019/SRR11492019_1.fastq.gz	99f94b1ee030d16053cb3e4ed0fb3c5b
SRR11492019_2.fastq.gz	10950855803	https://ftp.sra.ebi.ac.uk/vol1/fastq/SRR114/019/SRR11492019/SRR11492019_2.fastq.gz	7fb4d71ae95b24f0cc010ace24f8e76d
SRR11492020_1.fastq.gz	10636775228	https://ftp.sra.ebi.ac.uk/vol1/fastq/SRR114/020/SRR11492020/SRR11492020_1.fastq.gz	23585d4b7011cb9e724a11ad9386b0d0
SRR11492020_2.fastq.gz	10909363867	https://ftp.sra.ebi.ac.uk/vol1/fastq/SRR114/020/SRR11492020/SRR11492020_2.fastq.gz	e8bca7dfe02c4bc38a874d33355d7383
SRR11492025_1.fastq.gz	11694053581	https://ftp.sra.ebi.ac.uk/vol1/fastq/SRR114/025/SRR11492025/SRR11492025_1.fastq.gz	dfd703de7124efd9be1ef05d8daf412d
SRR11492025_2.fastq.gz	12035283509	https://ftp.sra.ebi.ac.uk/vol1/fastq/SRR114/025/SRR11492025/SRR11492025_2.fastq.gz	54c85f7791864a52d84b21a3a9cb1ea2
SRR11492026_1.fastq.gz	11757534380	https://ftp.sra.ebi.ac.uk/vol1/fastq/SRR114/026/SRR11492026/SRR11492026_1.fastq.gz	648b22c392ad3fdb2979aa02c54752d5
SRR11492026_2.fastq.gz	12178265680	https://ftp.sra.ebi.ac.uk/vol1/fastq/SRR114/026/SRR11492026/SRR11492026_2.fastq.gz	0c0330a0f48687847a07f03312e29c0b
SRR11492027_1.fastq.gz	11647928771	https://ftp.sra.ebi.ac.uk/vol1/fastq/SRR114/027/SRR11492027/SRR11492027_1.fastq.gz	e9df1d90d27327e431d4867a9ca3d210
SRR11492027_2.fastq.gz	12020419402	https://ftp.sra.ebi.ac.uk/vol1/fastq/SRR114/027/SRR11492027/SRR11492027_2.fastq.gz	3c93fcc599c53b3f09fc36c11ba76d82
SRR11492028_1.fastq.gz	11626432131	https://ftp.sra.ebi.ac.uk/vol1/fastq/SRR114/028/SRR11492028/SRR11492028_1.fastq.gz	6735487df0ba06e79828a581d47b3573
SRR11492028_2.fastq.gz	11982246910	https://ftp.sra.ebi.ac.uk/vol1/fastq/SRR114/028/SRR11492028/SRR11492028_2.fastq.gz	254ca2cc6513a11136f411ab20e54928
